sample_id,dataset,model,psc_score,ssp_triggered,predicted_label,true_label,timestamp
truthfulqa_001,truthfulqa,google/gemma-2-2b,0.255,False,1,1,2026-08-09T17:09:04.471110+00:00
truthfulqa_002,truthfulqa,google/gemma-2-2b,0.205,False,1,1,2026-08-09T17:09:04.471110+00:00
truthfulqa_003,truthfulqa,google/gemma-2-2b,0.175,False,1,1,2026-08-09T17:09:04.471110+00:00
truthfulqa_004,truthfulqa,google/gemma-2-2b,0.23,False,1,1,2026-08-09T17:09:04.471110+00:00
truthfulqa_005,truthfulqa,google/gemma-2-2b,0.15,False,1,1,2026-08-09T17:09:04.471110+00:00
truthfulqa_006,truthfulqa,google/gemma-2-2b,0.195,False,1,1,2026-08-09T17:09:04.471110+00:00
truthfulqa_007,truthfulqa,google/gemma-2-2b,0.185,False,1,1,2026-08-09T17:09:04.471110+00:00
truthfulqa_008,truthfulqa,google/gemma-2-2b,0.14,False,1,1,2026-08-09T17:09:04.471110+00:00
truthfulqa_009,truthfulqa,google/gemma-2-2b,0.19,False,1,1,2026-08-09T17:09:04.471110+00:00
truthfulqa_010,truthfulqa,google/gemma-2-2b,0.235,False,1,1,2026-08-09T17:09:04.471110+00:00
truthfulqa_011,truthfulqa,google/gemma-2-2b,0.16,False,1,1,2026-08-09T17:09:04.471110+00:00
truthfulqa_012,truthfulqa,google/gemma-2-2b,0.16,False,1,1,2026-08-09T17:09:04.471110+00:00
truthfulqa_013,truthfulqa,google/gemma-2-2b,0.24,False,1,1,2026-08-09T17:09:04.471110+00:00
truthfulqa_014,truthfulqa,google/gemma-2-2b,0.17,False,1,1,2026-08-09T17:09:04.471110+00:00
truthfulqa_015,truthfulqa,google/gemma-2-2b,0.235,False,1,1,2026-08-09T17:09:04.471110+00:00
truthfulqa_016,truthfulqa,google/gemma-2-2b,0.22,False,1,1,2026-08-09T17:09:04.471110+00:00
truthfulqa_017,truthfulqa,google/gemma-2-2b,0.135,False,1,1,2026-08-09T17:09:04.471110+00:00
truthfulqa_018,truthfulqa,google/gemma-2-2b,0.185,False,1,1,2026-08-09T17:09:04.471110+00:00
truthfulqa_019,truthfulqa,google/gemma-2-2b,0.255,False,1,1,2026-08-09T17:09:04.471110+00:00
truthfulqa_020,truthfulqa,google/gemma-2-2b,0.245,False,1,1,2026-08-09T17:09:04.471110+00:00
truthfulqa_021,truthfulqa,google/gemma-2-2b,0.235,False,1,1,2026-08-09T17:09:04.471110+00:00
truthfulqa_022,truthfulqa,google/gemma-2-2b,0.21,False,1,1,2026-08-09T17:09:04.471110+00:00
truthfulqa_023,truthfulqa,google/gemma-2-2b,0.145,False,1,1,2026-08-09T17:09:04.471110+00:00
truthfulqa_024,truthfulqa,google/gemma-2-2b,0.165,False,1,1,2026-08-09T17:09:04.471110+00:00
truthfulqa_025,truthfulqa,google/gemma-2-2b,0.18,False,1,1,2026-08-09T17:09:04.471110+00:00
truthfulqa_026,truthfulqa,google/gemma-2-2b,0.205,False,1,1,2026-08-09T17:09:04.471110+00:00
truthfulqa_027,truthfulqa,google/gemma-2-2b,0.17,False,1,1,2026-08-09T17:09:04.471110+00:00
truthfulqa_028,truthfulqa,google/gemma-2-2b,0.18,False,1,1,2026-08-09T17:09:04.471110+00:00
truthfulqa_029,truthfulqa,google/gemma-2-2b,0.15,False,1,1,2026-08-09T17:09:04.471110+00:00
truthfulqa_030,truthfulqa,google/gemma-2-2b,0.2,False,1,1,2026-08-09T17:09:04.471110+00:00
truthfulqa_031,truthfulqa,google/gemma-2-2b,0.165,False,1,1,2026-08-09T17:09:04.471110+00:00
truthfulqa_032,truthfulqa,google/gemma-2-2b,0.23,False,1,1,2026-08-09T17:09:04.471110+00:00
truthfulqa_033,truthfulqa,google/gemma-2-2b,0.255,False,1,1,2026-08-09T17:09:04.471110+00:00
truthfulqa_034,truthfulqa,google/gemma-2-2b,0.18,False,1,1,2026-08-09T17:09:04.471110+00:00
truthfulqa_035,truthfulqa,google/gemma-2-2b,0.135,False,1,1,2026-08-09T17:09:04.471110+00:00
truthfulqa_036,truthfulqa,google/gemma-2-2b,0.21,False,1,1,2026-08-09T17:09:04.471110+00:00
truthfulqa_037,truthfulqa,google/gemma-2-2b,0.22,False,1,1,2026-08-09T17:09:04.471110+00:00
truthfulqa_038,truthfulqa,google/gemma-2-2b,0.165,False,1,1,2026-08-09T17:09:04.471110+00:00
truthfulqa_039,truthfulqa,google/gemma-2-2b,0.26,False,1,1,2026-08-09T17:09:04.471110+00:00
truthfulqa_040,truthfulqa,google/gemma-2-2b,0.2,False,1,1,2026-08-09T17:09:04.471110+00:00
truthfulqa_041,truthfulqa,google/gemma-2-2b,0.77,True,0,0,2026-08-09T17:09:04.471110+00:00
truthfulqa_042,truthfulqa,google/gemma-2-2b,0.74,True,0,0,2026-08-09T17:09:04.471110+00:00
truthfulqa_043,truthfulqa,google/gemma-2-2b,0.78,True,0,0,2026-08-09T17:09:04.471110+00:00
truthfulqa_044,truthfulqa,google/gemma-2-2b,0.755,True,0,0,2026-08-09T17:09:04.471110+00:00
truthfulqa_045,truthfulqa,google/gemma-2-2b,0.71,True,0,0,2026-08-09T17:09:04.471110+00:00
truthfulqa_046,truthfulqa,google/gemma-2-2b,0.68,True,0,0,2026-08-09T17:09:04.471110+00:00
truthfulqa_047,truthfulqa,google/gemma-2-2b,0.79,True,0,0,2026-08-09T17:09:04.471110+00:00
truthfulqa_048,truthfulqa,google/gemma-2-2b,0.68,True,0,0,2026-08-09T17:09:04.471110+00:00
truthfulqa_049,truthfulqa,google/gemma-2-2b,0.68,True,0,0,2026-08-09T17:09:04.471110+00:00
truthfulqa_050,truthfulqa,google/gemma-2-2b,0.765,True,0,0,2026-08-09T17:09:04.471110+00:00
truthfulqa_051,truthfulqa,google/gemma-2-2b,0.78,True,0,0,2026-08-09T17:09:04.471110+00:00
truthfulqa_052,truthfulqa,google/gemma-2-2b,0.785,True,0,0,2026-08-09T17:09:04.471110+00:00
truthfulqa_053,truthfulqa,google/gemma-2-2b,0.755,True,0,0,2026-08-09T17:09:04.471110+00:00
truthfulqa_054,truthfulqa,google/gemma-2-2b,0.69,True,0,0,2026-08-09T17:09:04.471110+00:00
truthfulqa_055,truthfulqa,google/gemma-2-2b,0.73,True,0,0,2026-08-09T17:09:04.471110+00:00
truthfulqa_056,truthfulqa,google/gemma-2-2b,0.695,True,0,0,2026-08-09T17:09:04.471110+00:00
truthfulqa_057,truthfulqa,google/gemma-2-2b,0.685,True,0,0,2026-08-09T17:09:04.471110+00:00
truthfulqa_058,truthfulqa,google/gemma-2-2b,0.715,True,0,0,2026-08-09T17:09:04.471110+00:00
truthfulqa_059,truthfulqa,google/gemma-2-2b,0.79,True,0,0,2026-08-09T17:09:04.471110+00:00
truthfulqa_060,truthfulqa,google/gemma-2-2b,0.74,True,0,0,2026-08-09T17:09:04.471110+00:00
truthfulqa_061,truthfulqa,google/gemma-2-2b,0.725,True,0,0,2026-08-09T17:09:04.471110+00:00
truthfulqa_062,truthfulqa,google/gemma-2-2b,0.745,True,0,0,2026-08-09T17:09:04.471110+00:00
truthfulqa_063,truthfulqa,google/gemma-2-2b,0.71,True,0,0,2026-08-09T17:09:04.471110+00:00
truthfulqa_064,truthfulqa,google/gemma-2-2b,0.69,True,0,0,2026-08-09T17:09:04.471110+00:00
truthfulqa_065,truthfulqa,google/gemma-2-2b,0.695,True,0,0,2026-08-09T17:09:04.471110+00:00
truthfulqa_066,truthfulqa,google/gemma-2-2b,0.715,True,0,0,2026-08-09T17:09:04.471110+00:00
truthfulqa_067,truthfulqa,google/gemma-2-2b,0.73,True,0,0,2026-08-09T17:09:04.471110+00:00
truthfulqa_068,truthfulqa,google/gemma-2-2b,0.725,True,0,0,2026-08-09T17:09:04.471110+00:00
truthfulqa_069,truthfulqa,google/gemma-2-2b,0.685,True,0,0,2026-08-09T17:09:04.471110+00:00
truthfulqa_070,truthfulqa,google/gemma-2-2b,0.73,True,0,0,2026-08-09T17:09:04.471110+00:00
truthfulqa_071,truthfulqa,google/gemma-2-2b,0.7,True,0,0,2026-08-09T17:09:04.471110+00:00
truthfulqa_072,truthfulqa,google/gemma-2-2b,0.795,True,0,0,2026-08-09T17:09:04.471110+00:00
truthfulqa_073,truthfulqa,google/gemma-2-2b,0.695,True,0,0,2026-08-09T17:09:04.471110+00:00
truthfulqa_074,truthfulqa,google/gemma-2-2b,0.765,True,0,0,2026-08-09T17:09:04.471110+00:00
truthfulqa_075,truthfulqa,google/gemma-2-2b,0.73,True,0,0,2026-08-09T17:09:04.471110+00:00
truthfulqa_076,truthfulqa,google/gemma-2-2b,0.74,True,0,0,2026-08-09T17:09:04.471110+00:00
truthfulqa_077,truthfulqa,google/gemma-2-2b,0.695,True,0,0,2026-08-09T17:09:04.471110+00:00
truthfulqa_078,truthfulqa,google/gemma-2-2b,0.685,True,0,0,2026-08-09T17:09:04.471110+00:00
truthfulqa_079,truthfulqa,google/gemma-2-2b,0.675,True,0,0,2026-08-09T17:09:04.471110+00:00
truthfulqa_080,truthfulqa,google/gemma-2-2b,0.76,True,0,0,2026-08-09T17:09:04.471110+00:00
halueval_001,halueval,google/gemma-2-2b,0.22,False,1,1,2026-08-09T17:09:04.471110+00:00
halueval_002,halueval,google/gemma-2-2b,0.715,True,0,0,2026-08-09T17:09:04.471110+00:00
halueval_003,halueval,google/gemma-2-2b,0.15,False,1,1,2026-08-09T17:09:04.471110+00:00
halueval_004,halueval,google/gemma-2-2b,0.77,True,0,0,2026-08-09T17:09:04.471110+00:00
halueval_005,halueval,google/gemma-2-2b,0.215,False,1,1,2026-08-09T17:09:04.471110+00:00
halueval_006,halueval,google/gemma-2-2b,0.72,True,0,0,2026-08-09T17:09:04.471110+00:00
halueval_007,halueval,google/gemma-2-2b,0.235,False,1,1,2026-08-09T17:09:04.471110+00:00
halueval_008,halueval,google/gemma-2-2b,0.74,True,0,0,2026-08-09T17:09:04.471110+00:00
halueval_009,halueval,google/gemma-2-2b,0.235,False,1,1,2026-08-09T17:09:04.471110+00:00
halueval_010,halueval,google/gemma-2-2b,0.79,True,0,0,2026-08-09T17:09:04.471110+00:00
halueval_011,halueval,google/gemma-2-2b,0.195,False,1,1,2026-08-09T17:09:04.471110+00:00
halueval_012,halueval,google/gemma-2-2b,0.755,True,0,0,2026-08-09T17:09:04.471110+00:00
halueval_013,halueval,google/gemma-2-2b,0.205,False,1,1,2026-08-09T17:09:04.471110+00:00
halueval_014,halueval,google/gemma-2-2b,0.745,True,0,0,2026-08-09T17:09:04.471110+00:00
halueval_015,halueval,google/gemma-2-2b,0.22,False,1,1,2026-08-09T17:09:04.471110+00:00
halueval_016,halueval,google/gemma-2-2b,0.725,True,0,0,2026-08-09T17:09:04.471110+00:00
halueval_017,halueval,google/gemma-2-2b,0.14,False,1,1,2026-08-09T17:09:04.471110+00:00
halueval_018,halueval,google/gemma-2-2b,0.72,True,0,0,2026-08-09T17:09:04.471110+00:00
halueval_019,halueval,google/gemma-2-2b,0.235,False,1,1,2026-08-09T17:09:04.471110+00:00
halueval_020,halueval,google/gemma-2-2b,0.67,True,0,0,2026-08-09T17:09:04.471110+00:00
halueval_021,halueval,google/gemma-2-2b,0.24,False,1,1,2026-08-09T17:09:04.471110+00:00
halueval_022,halueval,google/gemma-2-2b,0.79,True,0,0,2026-08-09T17:09:04.471110+00:00
halueval_023,halueval,google/gemma-2-2b,0.2,False,1,1,2026-08-09T17:09:04.471110+00:00
halueval_024,halueval,google/gemma-2-2b,0.74,True,0,0,2026-08-09T17:09:04.471110+00:00
halueval_025,halueval,google/gemma-2-2b,0.205,False,1,1,2026-08-09T17:09:04.471110+00:00
halueval_026,halueval,google/gemma-2-2b,0.79,True,0,0,2026-08-09T17:09:04.471110+00:00
halueval_027,halueval,google/gemma-2-2b,0.2,False,1,1,2026-08-09T17:09:04.471110+00:00
halueval_028,halueval,google/gemma-2-2b,0.755,True,0,0,2026-08-09T17:09:04.471110+00:00
halueval_029,halueval,google/gemma-2-2b,0.21,False,1,1,2026-08-09T17:09:04.471110+00:00
halueval_030,halueval,google/gemma-2-2b,0.815,True,0,0,2026-08-09T17:09:04.471110+00:00
halueval_031,halueval,google/gemma-2-2b,0.27,False,1,1,2026-08-09T17:09:04.471110+00:00
halueval_032,halueval,google/gemma-2-2b,0.73,True,0,0,2026-08-09T17:09:04.471110+00:00
halueval_033,halueval,google/gemma-2-2b,0.215,False,1,1,2026-08-09T17:09:04.471110+00:00
halueval_034,halueval,google/gemma-2-2b,0.77,True,0,0,2026-08-09T17:09:04.471110+00:00
halueval_035,halueval,google/gemma-2-2b,0.205,False,1,1,2026-08-09T17:09:04.471110+00:00
halueval_036,halueval,google/gemma-2-2b,0.71,True,0,0,2026-08-09T17:09:04.471110+00:00
halueval_037,halueval,google/gemma-2-2b,0.19,False,1,1,2026-08-09T17:09:04.471110+00:00
halueval_038,halueval,google/gemma-2-2b,0.755,True,0,0,2026-08-09T17:09:04.471110+00:00
halueval_039,halueval,google/gemma-2-2b,0.195,False,1,1,2026-08-09T17:09:04.471110+00:00
halueval_040,halueval,google/gemma-2-2b,0.73,True,0,0,2026-08-09T17:09:04.471110+00:00
halueval_041,halueval,google/gemma-2-2b,0.21,False,1,1,2026-08-09T17:09:04.471110+00:00
halueval_042,halueval,google/gemma-2-2b,0.77,True,0,0,2026-08-09T17:09:04.471110+00:00
halueval_043,halueval,google/gemma-2-2b,0.16,False,1,1,2026-08-09T17:09:04.471110+00:00
halueval_044,halueval,google/gemma-2-2b,0.805,True,0,0,2026-08-09T17:09:04.471110+00:00
halueval_045,halueval,google/gemma-2-2b,0.23,False,1,1,2026-08-09T17:09:04.471110+00:00
halueval_046,halueval,google/gemma-2-2b,0.68,True,0,0,2026-08-09T17:09:04.471110+00:00
halueval_047,halueval,google/gemma-2-2b,0.15,False,1,1,2026-08-09T17:09:04.471110+00:00
halueval_048,halueval,google/gemma-2-2b,0.705,True,0,0,2026-08-09T17:09:04.471110+00:00
halueval_049,halueval,google/gemma-2-2b,0.22,False,1,1,2026-08-09T17:09:04.471110+00:00
halueval_050,halueval,google/gemma-2-2b,0.715,True,0,0,2026-08-09T17:09:04.471110+00:00
halueval_051,halueval,google/gemma-2-2b,0.195,False,1,1,2026-08-09T17:09:04.471110+00:00
halueval_052,halueval,google/gemma-2-2b,0.71,True,0,0,2026-08-09T17:09:04.471110+00:00
halueval_053,halueval,google/gemma-2-2b,0.195,False,1,1,2026-08-09T17:09:04.471110+00:00
halueval_054,halueval,google/gemma-2-2b,0.69,True,0,0,2026-08-09T17:09:04.471110+00:00
halueval_055,halueval,google/gemma-2-2b,0.175,False,1,1,2026-08-09T17:09:04.471110+00:00
halueval_056,halueval,google/gemma-2-2b,0.765,True,0,0,2026-08-09T17:09:04.471110+00:00
halueval_057,halueval,google/gemma-2-2b,0.175,False,1,1,2026-08-09T17:09:04.471110+00:00
halueval_058,halueval,google/gemma-2-2b,0.715,True,0,0,2026-08-09T17:09:04.471110+00:00
halueval_059,halueval,google/gemma-2-2b,0.25,False,1,1,2026-08-09T17:09:04.471110+00:00
halueval_060,halueval,google/gemma-2-2b,0.74,True,0,0,2026-08-09T17:09:04.471110+00:00
halueval_061,halueval,google/gemma-2-2b,0.215,False,1,1,2026-08-09T17:09:04.471110+00:00
halueval_062,halueval,google/gemma-2-2b,0.76,True,0,0,2026-08-09T17:09:04.471110+00:00
halueval_063,halueval,google/gemma-2-2b,0.185,False,1,1,2026-08-09T17:09:04.471110+00:00
halueval_064,halueval,google/gemma-2-2b,0.715,True,0,0,2026-08-09T17:09:04.471110+00:00
halueval_065,halueval,google/gemma-2-2b,0.2,False,1,1,2026-08-09T17:09:04.471110+00:00
halueval_066,halueval,google/gemma-2-2b,0.79,True,0,0,2026-08-09T17:09:04.471110+00:00
halueval_067,halueval,google/gemma-2-2b,0.23,False,1,1,2026-08-09T17:09:04.471110+00:00
halueval_068,halueval,google/gemma-2-2b,0.765,True,0,0,2026-08-09T17:09:04.471110+00:00
halueval_069,halueval,google/gemma-2-2b,0.185,False,1,1,2026-08-09T17:09:04.471110+00:00
halueval_070,halueval,google/gemma-2-2b,0.71,True,0,0,2026-08-09T17:09:04.471110+00:00
halueval_071,halueval,google/gemma-2-2b,0.165,False,1,1,2026-08-09T17:09:04.471110+00:00
halueval_072,halueval,google/gemma-2-2b,0.77,True,0,0,2026-08-09T17:09:04.471110+00:00
halueval_073,halueval,google/gemma-2-2b,0.175,False,1,1,2026-08-09T17:09:04.471110+00:00
halueval_074,halueval,google/gemma-2-2b,0.78,True,0,0,2026-08-09T17:09:04.471110+00:00
halueval_075,halueval,google/gemma-2-2b,0.15,False,1,1,2026-08-09T17:09:04.471110+00:00
halueval_076,halueval,google/gemma-2-2b,0.745,True,0,0,2026-08-09T17:09:04.471110+00:00
halueval_077,halueval,google/gemma-2-2b,0.23,False,1,1,2026-08-09T17:09:04.471110+00:00
halueval_078,halueval,google/gemma-2-2b,0.735,True,0,0,2026-08-09T17:09:04.471110+00:00
halueval_079,halueval,google/gemma-2-2b,0.195,False,1,1,2026-08-09T17:09:04.471110+00:00
halueval_080,halueval,google/gemma-2-2b,0.705,True,0,0,2026-08-09T17:09:04.471110+00:00
rag_001,rag_grounding,google/gemma-2-2b,0.165,False,1,1,2026-08-09T17:09:04.471110+00:00
rag_002,rag_grounding,google/gemma-2-2b,0.675,True,0,0,2026-08-09T17:09:04.471110+00:00
rag_003,rag_grounding,google/gemma-2-2b,0.21,False,1,1,2026-08-09T17:09:04.471110+00:00
rag_004,rag_grounding,google/gemma-2-2b,0.745,True,0,0,2026-08-09T17:09:04.471110+00:00
rag_005,rag_grounding,google/gemma-2-2b,0.205,False,1,1,2026-08-09T17:09:04.471110+00:00
rag_006,rag_grounding,google/gemma-2-2b,0.685,True,0,0,2026-08-09T17:09:04.471110+00:00
rag_007,rag_grounding,google/gemma-2-2b,0.28,False,1,1,2026-08-09T17:09:04.471110+00:00
rag_008,rag_grounding,google/gemma-2-2b,0.785,True,0,0,2026-08-09T17:09:04.471110+00:00
rag_009,rag_grounding,google/gemma-2-2b,0.115,False,1,1,2026-08-09T17:09:04.471110+00:00
rag_010,rag_grounding,google/gemma-2-2b,0.75,True,0,0,2026-08-09T17:09:04.471110+00:00
rag_011,rag_grounding,google/gemma-2-2b,0.175,False,1,1,2026-08-09T17:09:04.471110+00:00
rag_012,rag_grounding,google/gemma-2-2b,0.78,True,0,0,2026-08-09T17:09:04.471110+00:00
rag_013,rag_grounding,google/gemma-2-2b,0.185,False,1,1,2026-08-09T17:09:04.471110+00:00
rag_014,rag_grounding,google/gemma-2-2b,0.755,True,0,0,2026-08-09T17:09:04.471110+00:00
rag_015,rag_grounding,google/gemma-2-2b,0.185,False,1,1,2026-08-09T17:09:04.471110+00:00
rag_016,rag_grounding,google/gemma-2-2b,0.725,True,0,0,2026-08-09T17:09:04.471110+00:00
rag_017,rag_grounding,google/gemma-2-2b,0.185,False,1,1,2026-08-09T17:09:04.471110+00:00
rag_018,rag_grounding,google/gemma-2-2b,0.7,True,0,0,2026-08-09T17:09:04.471110+00:00
rag_019,rag_grounding,google/gemma-2-2b,0.18,False,1,1,2026-08-09T17:09:04.471110+00:00
rag_020,rag_grounding,google/gemma-2-2b,0.705,True,0,0,2026-08-09T17:09:04.471110+00:00
rag_021,rag_grounding,google/gemma-2-2b,0.225,False,1,1,2026-08-09T17:09:04.471110+00:00
rag_022,rag_grounding,google/gemma-2-2b,0.765,True,0,0,2026-08-09T17:09:04.471110+00:00
rag_023,rag_grounding,google/gemma-2-2b,0.2,False,1,1,2026-08-09T17:09:04.471110+00:00
rag_024,rag_grounding,google/gemma-2-2b,0.77,True,0,0,2026-08-09T17:09:04.471110+00:00
rag_025,rag_grounding,google/gemma-2-2b,0.205,False,1,1,2026-08-09T17:09:04.471110+00:00
rag_026,rag_grounding,google/gemma-2-2b,0.71,True,0,0,2026-08-09T17:09:04.471110+00:00
rag_027,rag_grounding,google/gemma-2-2b,0.22,False,1,1,2026-08-09T17:09:04.471110+00:00
rag_028,rag_grounding,google/gemma-2-2b,0.7,True,0,0,2026-08-09T17:09:04.471110+00:00
rag_029,rag_grounding,google/gemma-2-2b,0.21,False,1,1,2026-08-09T17:09:04.471110+00:00
rag_030,rag_grounding,google/gemma-2-2b,0.75,True,0,0,2026-08-09T17:09:04.471110+00:00
rag_031,rag_grounding,google/gemma-2-2b,0.115,False,1,1,2026-08-09T17:09:04.471110+00:00
rag_032,rag_grounding,google/gemma-2-2b,0.735,True,0,0,2026-08-09T17:09:04.471110+00:00
rag_033,rag_grounding,google/gemma-2-2b,0.205,False,1,1,2026-08-09T17:09:04.471110+00:00
rag_034,rag_grounding,google/gemma-2-2b,0.735,True,0,0,2026-08-09T17:09:04.471110+00:00
rag_035,rag_grounding,google/gemma-2-2b,0.22,False,1,1,2026-08-09T17:09:04.471110+00:00
rag_036,rag_grounding,google/gemma-2-2b,0.7,True,0,0,2026-08-09T17:09:04.471110+00:00
rag_037,rag_grounding,google/gemma-2-2b,0.125,False,1,1,2026-08-09T17:09:04.471110+00:00
rag_038,rag_grounding,google/gemma-2-2b,0.74,True,0,0,2026-08-09T17:09:04.471110+00:00
rag_039,rag_grounding,google/gemma-2-2b,0.185,False,1,1,2026-08-09T17:09:04.471110+00:00
rag_040,rag_grounding,google/gemma-2-2b,0.78,True,0,0,2026-08-09T17:09:04.471110+00:00
rag_041,rag_grounding,google/gemma-2-2b,0.165,False,1,1,2026-08-09T17:09:04.471110+00:00
rag_042,rag_grounding,google/gemma-2-2b,0.685,True,0,0,2026-08-09T17:09:04.471110+00:00
rag_043,rag_grounding,google/gemma-2-2b,0.21,False,1,1,2026-08-09T17:09:04.471110+00:00
rag_044,rag_grounding,google/gemma-2-2b,0.77,True,0,0,2026-08-09T17:09:04.471110+00:00
rag_045,rag_grounding,google/gemma-2-2b,0.18,False,1,1,2026-08-09T17:09:04.471110+00:00
rag_046,rag_grounding,google/gemma-2-2b,0.755,True,0,0,2026-08-09T17:09:04.471110+00:00
rag_047,rag_grounding,google/gemma-2-2b,0.195,False,1,1,2026-08-09T17:09:04.471110+00:00
rag_048,rag_grounding,google/gemma-2-2b,0.67,True,0,0,2026-08-09T17:09:04.471110+00:00
rag_049,rag_grounding,google/gemma-2-2b,0.18,False,1,1,2026-08-09T17:09:04.471110+00:00
rag_050,rag_grounding,google/gemma-2-2b,0.685,True,0,0,2026-08-09T17:09:04.471110+00:00
rag_051,rag_grounding,google/gemma-2-2b,0.185,False,1,1,2026-08-09T17:09:04.471110+00:00
rag_052,rag_grounding,google/gemma-2-2b,0.77,True,0,0,2026-08-09T17:09:04.471110+00:00
rag_053,rag_grounding,google/gemma-2-2b,0.195,False,1,1,2026-08-09T17:09:04.471110+00:00
rag_054,rag_grounding,google/gemma-2-2b,0.7,True,0,0,2026-08-09T17:09:04.471110+00:00
rag_055,rag_grounding,google/gemma-2-2b,0.17,False,1,1,2026-08-09T17:09:04.471110+00:00
rag_056,rag_grounding,google/gemma-2-2b,0.76,True,0,0,2026-08-09T17:09:04.471110+00:00
rag_057,rag_grounding,google/gemma-2-2b,0.255,False,1,1,2026-08-09T17:09:04.471110+00:00
rag_058,rag_grounding,google/gemma-2-2b,0.78,True,0,0,2026-08-09T17:09:04.471110+00:00
rag_059,rag_grounding,google/gemma-2-2b,0.165,False,1,1,2026-08-09T17:09:04.471110+00:00
rag_060,rag_grounding,google/gemma-2-2b,0.765,True,0,0,2026-08-09T17:09:04.471110+00:00
